query,group,time,follower 1,leader,follower 2
system.cpu.user,host:i-0d3080a3c4eef0add;(host:i-0d3080a3c4eef0add OR host:i-0d9090a590ca3803e OR host:i-0ddb26178fdc06882),2020-11-24T19:16:50.000Z,0.01773308963,0.07306496799,0.02295180969
system.cpu.user,host:i-0d3080a3c4eef0add;(host:i-0d3080a3c4eef0add OR host:i-0d9090a590ca3803e OR host:i-0ddb26178fdc06882),2020-11-24T19:16:55.000Z,2.272361994,0.08349598199,2.349657059
system.cpu.user,host:i-0d3080a3c4eef0add;(host:i-0d3080a3c4eef0add OR host:i-0d9090a590ca3803e OR host:i-0ddb26178fdc06882),2020-11-24T19:17:05.000Z,6.781620026,17.4885807,7.00306797
system.cpu.user,host:i-0d3080a3c4eef0add;(host:i-0d3080a3c4eef0add OR host:i-0d9090a590ca3803e OR host:i-0ddb26178fdc06882),2020-11-24T19:17:10.000Z,7.630013943,26.19112015,8.074369431
system.cpu.user,host:i-0d3080a3c4eef0add;(host:i-0d3080a3c4eef0add OR host:i-0d9090a590ca3803e OR host:i-0ddb26178fdc06882),2020-11-24T19:17:20.000Z,9.326800346,41.64973831,10.21697044
system.cpu.user,host:i-0d3080a3c4eef0add;(host:i-0d3080a3c4eef0add OR host:i-0d9090a590ca3803e OR host:i-0ddb26178fdc06882),2020-11-24T19:17:25.000Z,9.56850338,49.37905121,9.448424339
system.cpu.user,host:i-0d3080a3c4eef0add;(host:i-0d3080a3c4eef0add OR host:i-0d9090a590ca3803e OR host:i-0ddb26178fdc06882),2020-11-24T19:17:35.000Z,10.0519104,37.90993881,7.911330223
system.cpu.user,host:i-0d3080a3c4eef0add;(host:i-0d3080a3c4eef0add OR host:i-0d9090a590ca3803e OR host:i-0ddb26178fdc06882),2020-11-24T19:17:40.000Z,9.368677139,32.17538834,7.957313061
system.cpu.user,host:i-0d3080a3c4eef0add;(host:i-0d3080a3c4eef0add OR host:i-0d9090a590ca3803e OR host:i-0ddb26178fdc06882),2020-11-24T19:17:50.000Z,8.002212524,28.46299934,8.049278259
system.cpu.user,host:i-0d3080a3c4eef0add;(host:i-0d3080a3c4eef0add OR host:i-0d9090a590ca3803e OR host:i-0ddb26178fdc06882),2020-11-24T19:17:55.000Z,8.303758621,26.60680008,7.837806225
system.cpu.user,host:i-0d3080a3c4eef0add;(host:i-0d3080a3c4eef0add OR host:i-0d9090a590ca3803e OR host:i-0ddb26178fdc06882),2020-11-24T19:18:05.000Z,8.906851768,24.61949921,7.414862156
system.cpu.user,host:i-0d3080a3c4eef0add;(host:i-0d3080a3c4eef0add OR host:i-0d9090a590ca3803e OR host:i-0ddb26178fdc06882),2020-11-24T19:18:10.000Z,8.537307739,23.62585068,7.716622829
system.cpu.user,host:i-0d3080a3c4eef0add;(host:i-0d3080a3c4eef0add OR host:i-0d9090a590ca3803e OR host:i-0ddb26178fdc06882),2020-11-24T19:18:20.000Z,7.798219204,18.25534058,8.320144653
system.cpu.user,host:i-0d3080a3c4eef0add;(host:i-0d3080a3c4eef0add OR host:i-0d9090a590ca3803e OR host:i-0ddb26178fdc06882),2020-11-24T19:18:25.000Z,8.181604385,15.5700798,8.134986877
system.cpu.user,host:i-0d3080a3c4eef0add;(host:i-0d3080a3c4eef0add OR host:i-0d9090a590ca3803e OR host:i-0ddb26178fdc06882),2020-11-24T19:18:35.000Z,8.948373795,15.26881981,7.764670849
system.cpu.user,host:i-0d3080a3c4eef0add;(host:i-0d3080a3c4eef0add OR host:i-0d9090a590ca3803e OR host:i-0ddb26178fdc06882),2020-11-24T19:18:40.000Z,8.806782722,15.11818981,7.583850861
system.cpu.user,host:i-0d3080a3c4eef0add;(host:i-0d3080a3c4eef0add OR host:i-0d9090a590ca3803e OR host:i-0ddb26178fdc06882),2020-11-24T19:18:50.000Z,8.523601532,14.46051025,7.22220993
system.cpu.user,host:i-0d3080a3c4eef0add;(host:i-0d3080a3c4eef0add OR host:i-0d9090a590ca3803e OR host:i-0ddb26178fdc06882),2020-11-24T19:18:55.000Z,9.064192772,14.13166046,7.755795002
system.cpu.user,host:i-0d3080a3c4eef0add;(host:i-0d3080a3c4eef0add OR host:i-0d9090a590ca3803e OR host:i-0ddb26178fdc06882),2020-11-24T19:19:05.000Z,10.14538002,14.19466972,8.822964668
system.cpu.user,host:i-0d3080a3c4eef0add;(host:i-0d3080a3c4eef0add OR host:i-0d9090a590ca3803e OR host:i-0ddb26178fdc06882),2020-11-24T19:19:10.000Z,9.667933464,14.22618008,8.991999626
system.cpu.user,host:i-0d3080a3c4eef0add;(host:i-0d3080a3c4eef0add OR host:i-0d9090a590ca3803e OR host:i-0ddb26178fdc06882),2020-11-24T19:19:20.000Z,8.713047981,14.6293602,9.330069542
system.cpu.user,host:i-0d3080a3c4eef0add;(host:i-0d3080a3c4eef0add OR host:i-0d9090a590ca3803e OR host:i-0ddb26178fdc06882),2020-11-24T19:19:25.000Z,9.386260986,14.83094978,9.437041283
system.cpu.user,host:i-0d3080a3c4eef0add;(host:i-0d3080a3c4eef0add OR host:i-0d9090a590ca3803e OR host:i-0ddb26178fdc06882),2020-11-24T19:19:35.000Z,10.73268986,14.9148798,9.650982857
system.cpu.user,host:i-0d3080a3c4eef0add;(host:i-0d3080a3c4eef0add OR host:i-0d9090a590ca3803e OR host:i-0ddb26178fdc06882),2020-11-24T19:19:40.000Z,10.76790047,14.95685005,10.0065403
system.cpu.user,host:i-0d3080a3c4eef0add;(host:i-0d3080a3c4eef0add OR host:i-0d9090a590ca3803e OR host:i-0ddb26178fdc06882),2020-11-24T19:19:50.000Z,10.83833027,16.04068947,10.71767044
system.cpu.user,host:i-0d3080a3c4eef0add;(host:i-0d3080a3c4eef0add OR host:i-0d9090a590ca3803e OR host:i-0ddb26178fdc06882),2020-11-24T19:19:55.000Z,11.8653698,16.58260918,9.448884964
system.cpu.user,host:i-0d3080a3c4eef0add;(host:i-0d3080a3c4eef0add OR host:i-0d9090a590ca3803e OR host:i-0ddb26178fdc06882),2020-11-24T19:20:05.000Z,13.91944027,16.52770996,6.911317825
system.cpu.user,host:i-0d3080a3c4eef0add;(host:i-0d3080a3c4eef0add OR host:i-0d9090a590ca3803e OR host:i-0ddb26178fdc06882),2020-11-24T19:20:10.000Z,13.60111046,16.50024986,8.572480202
system.cpu.user,host:i-0d3080a3c4eef0add;(host:i-0d3080a3c4eef0add OR host:i-0d9090a590ca3803e OR host:i-0ddb26178fdc06882),2020-11-24T19:20:20.000Z,12.96444035,14.79071045,11.89480019
system.cpu.user,host:i-0d3080a3c4eef0add;(host:i-0d3080a3c4eef0add OR host:i-0d9090a590ca3803e OR host:i-0ddb26178fdc06882),2020-11-24T19:20:25.000Z,13.36874962,13.93593979,11.52791977
system.cpu.user,host:i-0d3080a3c4eef0add;(host:i-0d3080a3c4eef0add OR host:i-0d9090a590ca3803e OR host:i-0ddb26178fdc06882),2020-11-24T19:20:35.000Z,14.17737007,15.96866035,10.79415989
system.cpu.user,host:i-0d3080a3c4eef0add;(host:i-0d3080a3c4eef0add OR host:i-0d9090a590ca3803e OR host:i-0ddb26178fdc06882),2020-11-24T19:20:40.000Z,14.84356976,16.98501968,10.78689003
system.cpu.user,host:i-0d3080a3c4eef0add;(host:i-0d3080a3c4eef0add OR host:i-0d9090a590ca3803e OR host:i-0ddb26178fdc06882),2020-11-24T19:20:50.000Z,16.17596054,12.56340027,10.77237034
system.cpu.user,host:i-0d3080a3c4eef0add;(host:i-0d3080a3c4eef0add OR host:i-0d9090a590ca3803e OR host:i-0ddb26178fdc06882),2020-11-24T19:20:55.000Z,14.86128044,10.3526001,12.11301994
system.cpu.user,host:i-0d3080a3c4eef0add;(host:i-0d3080a3c4eef0add OR host:i-0d9090a590ca3803e OR host:i-0ddb26178fdc06882),2020-11-24T19:21:05.000Z,12.23192978,6.789573193,14.79432011
system.cpu.user,host:i-0d3080a3c4eef0add;(host:i-0d3080a3c4eef0add OR host:i-0d9090a590ca3803e OR host:i-0ddb26178fdc06882),2020-11-24T19:21:10.000Z,12.24110031,5.008061886,13.44435978
system.cpu.user,host:i-0d3080a3c4eef0add;(host:i-0d3080a3c4eef0add OR host:i-0d9090a590ca3803e OR host:i-0ddb26178fdc06882),2020-11-24T19:21:20.000Z,12.25946045,8.480648041,10.74446011
system.cpu.user,host:i-0d3080a3c4eef0add;(host:i-0d3080a3c4eef0add OR host:i-0d9090a590ca3803e OR host:i-0ddb26178fdc06882),2020-11-24T19:21:25.000Z,12.2301302,10.21693993,10.73097992
system.cpu.user,host:i-0d3080a3c4eef0add;(host:i-0d3080a3c4eef0add OR host:i-0d9090a590ca3803e OR host:i-0ddb26178fdc06882),2020-11-24T19:21:35.000Z,12.17146969,10.9253397,10.70401001
system.cpu.user,host:i-0d3080a3c4eef0add;(host:i-0d3080a3c4eef0add OR host:i-0d9090a590ca3803e OR host:i-0ddb26178fdc06882),2020-11-24T19:21:40.000Z,13.55650043,11.27954006,12.29998016
system.cpu.user,host:i-0d3080a3c4eef0add;(host:i-0d3080a3c4eef0add OR host:i-0d9090a590ca3803e OR host:i-0ddb26178fdc06882),2020-11-24T19:21:50.000Z,16.32657051,16.88982964,15.49192047
system.cpu.user,host:i-0d3080a3c4eef0add;(host:i-0d3080a3c4eef0add OR host:i-0d9090a590ca3803e OR host:i-0ddb26178fdc06882),2020-11-24T19:21:55.000Z,16.64777946,19.69498062,13.74944973
system.cpu.user,host:i-0d3080a3c4eef0add;(host:i-0d3080a3c4eef0add OR host:i-0d9090a590ca3803e OR host:i-0ddb26178fdc06882),2020-11-24T19:22:05.000Z,17.29018021,20.23224068,10.26449013
system.cpu.user,host:i-0d3080a3c4eef0add;(host:i-0d3080a3c4eef0add OR host:i-0d9090a590ca3803e OR host:i-0ddb26178fdc06882),2020-11-24T19:22:10.000Z,17.85777092,20.50086021,11.54726982
system.cpu.user,host:i-0d3080a3c4eef0add;(host:i-0d3080a3c4eef0add OR host:i-0d9090a590ca3803e OR host:i-0ddb26178fdc06882),2020-11-24T19:22:20.000Z,18.99295998,23.34494019,14.11281013
system.cpu.user,host:i-0d3080a3c4eef0add;(host:i-0d3080a3c4eef0add OR host:i-0d9090a590ca3803e OR host:i-0ddb26178fdc06882),2020-11-24T19:22:25.000Z,16.19297028,24.76696968,14.82573986
system.cpu.user,host:i-0d3080a3c4eef0add;(host:i-0d3080a3c4eef0add OR host:i-0d9090a590ca3803e OR host:i-0ddb26178fdc06882),2020-11-24T19:22:35.000Z,10.59298038,22.98435974,16.25160027
system.cpu.user,host:i-0d3080a3c4eef0add;(host:i-0d3080a3c4eef0add OR host:i-0d9090a590ca3803e OR host:i-0ddb26178fdc06882),2020-11-24T19:22:40.000Z,13.46172047,22.09305954,15.07785988
system.cpu.user,host:i-0d3080a3c4eef0add;(host:i-0d3080a3c4eef0add OR host:i-0d9090a590ca3803e OR host:i-0ddb26178fdc06882),2020-11-24T19:22:50.000Z,19.1991806,22.41157913,12.73040009
system.cpu.user,host:i-0d3080a3c4eef0add;(host:i-0d3080a3c4eef0add OR host:i-0d9090a590ca3803e OR host:i-0ddb26178fdc06882),2020-11-24T19:22:55.000Z,17.62994957,22.57084084,13.47793961
system.cpu.user,host:i-0d3080a3c4eef0add;(host:i-0d3080a3c4eef0add OR host:i-0d9090a590ca3803e OR host:i-0ddb26178fdc06882),2020-11-24T19:23:05.000Z,14.49149036,22.46853065,14.97301006
system.cpu.user,host:i-0d3080a3c4eef0add;(host:i-0d3080a3c4eef0add OR host:i-0d9090a590ca3803e OR host:i-0ddb26178fdc06882),2020-11-24T19:23:10.000Z,14.58489037,22.41737938,14.26737976
system.cpu.user,host:i-0d3080a3c4eef0add;(host:i-0d3080a3c4eef0add OR host:i-0d9090a590ca3803e OR host:i-0ddb26178fdc06882),2020-11-24T19:23:20.000Z,14.77169037,22.70525932,12.85610962
system.cpu.user,host:i-0d3080a3c4eef0add;(host:i-0d3080a3c4eef0add OR host:i-0d9090a590ca3803e OR host:i-0ddb26178fdc06882),2020-11-24T19:23:25.000Z,16.66268921,22.8491993,14.68828011
system.cpu.user,host:i-0d3080a3c4eef0add;(host:i-0d3080a3c4eef0add OR host:i-0d9090a590ca3803e OR host:i-0ddb26178fdc06882),2020-11-24T19:23:35.000Z,20.44470024,23.79083061,18.35260963
system.cpu.user,host:i-0d3080a3c4eef0add;(host:i-0d3080a3c4eef0add OR host:i-0d9090a590ca3803e OR host:i-0ddb26178fdc06882),2020-11-24T19:23:40.000Z,19.37112045,24.26165009,16.35230064
system.cpu.user,host:i-0d3080a3c4eef0add;(host:i-0d3080a3c4eef0add OR host:i-0d9090a590ca3803e OR host:i-0ddb26178fdc06882),2020-11-24T19:23:50.000Z,17.22397995,19.33238029,12.35167027
system.cpu.user,host:i-0d3080a3c4eef0add;(host:i-0d3080a3c4eef0add OR host:i-0d9090a590ca3803e OR host:i-0ddb26178fdc06882),2020-11-24T19:23:55.000Z,18.26658058,16.86774063,13.5593996
system.cpu.user,host:i-0d3080a3c4eef0add;(host:i-0d3080a3c4eef0add OR host:i-0d9090a590ca3803e OR host:i-0ddb26178fdc06882),2020-11-24T19:24:05.000Z,20.3517704,19.13611031,15.9748497
system.cpu.user,host:i-0d3080a3c4eef0add;(host:i-0d3080a3c4eef0add OR host:i-0d9090a590ca3803e OR host:i-0ddb26178fdc06882),2020-11-24T19:24:10.000Z,18.54050064,20.27029991,14.12623978
system.cpu.user,host:i-0d3080a3c4eef0add;(host:i-0d3080a3c4eef0add OR host:i-0d9090a590ca3803e OR host:i-0ddb26178fdc06882),2020-11-24T19:24:20.000Z,14.91796017,16.75427055,10.42903042
system.cpu.user,host:i-0d3080a3c4eef0add;(host:i-0d3080a3c4eef0add OR host:i-0d9090a590ca3803e OR host:i-0ddb26178fdc06882),2020-11-24T19:24:25.000Z,15.77830029,14.99625969,13.01134014
system.cpu.user,host:i-0d3080a3c4eef0add;(host:i-0d3080a3c4eef0add OR host:i-0d9090a590ca3803e OR host:i-0ddb26178fdc06882),2020-11-24T19:24:35.000Z,17.49898911,14.40882015,18.1759491
system.cpu.user,host:i-0d3080a3c4eef0add;(host:i-0d3080a3c4eef0add OR host:i-0d9090a590ca3803e OR host:i-0ddb26178fdc06882),2020-11-24T19:24:40.000Z,15.73888969,14.1151104,15.39461994
system.cpu.user,host:i-0d3080a3c4eef0add;(host:i-0d3080a3c4eef0add OR host:i-0d9090a590ca3803e OR host:i-0ddb26178fdc06882),2020-11-24T19:24:50.000Z,12.21868038,17.21503067,9.831967354
system.cpu.user,host:i-0d3080a3c4eef0add;(host:i-0d3080a3c4eef0add OR host:i-0d9090a590ca3803e OR host:i-0ddb26178fdc06882),2020-11-24T19:24:55.000Z,14.51074028,18.76498985,11.96345043
system.cpu.user,host:i-0d3080a3c4eef0add;(host:i-0d3080a3c4eef0add OR host:i-0d9090a590ca3803e OR host:i-0ddb26178fdc06882),2020-11-24T19:25:05.000Z,19.09485054,15.09379005,16.22641945
system.cpu.user,host:i-0d3080a3c4eef0add;(host:i-0d3080a3c4eef0add OR host:i-0d9090a590ca3803e OR host:i-0ddb26178fdc06882),2020-11-24T19:25:10.000Z,17.36424065,13.25817966,14.02025986
system.cpu.user,host:i-0d3080a3c4eef0add;(host:i-0d3080a3c4eef0add OR host:i-0d9090a590ca3803e OR host:i-0ddb26178fdc06882),2020-11-24T19:25:20.000Z,13.90301037,13.63150024,9.607928276
system.cpu.user,host:i-0d3080a3c4eef0add;(host:i-0d3080a3c4eef0add OR host:i-0d9090a590ca3803e OR host:i-0ddb26178fdc06882),2020-11-24T19:25:25.000Z,15.48169041,13.81816006,12.27919006
system.cpu.user,host:i-0d3080a3c4eef0add;(host:i-0d3080a3c4eef0add OR host:i-0d9090a590ca3803e OR host:i-0ddb26178fdc06882),2020-11-24T19:25:35.000Z,18.63907051,15.13848972,17.62170982
system.cpu.user,host:i-0d3080a3c4eef0add;(host:i-0d3080a3c4eef0add OR host:i-0d9090a590ca3803e OR host:i-0ddb26178fdc06882),2020-11-24T19:25:40.000Z,17.10128021,15.79864979,15.42551994
system.cpu.user,host:i-0d3080a3c4eef0add;(host:i-0d3080a3c4eef0add OR host:i-0d9090a590ca3803e OR host:i-0ddb26178fdc06882),2020-11-24T19:25:50.000Z,14.02569962,16.45556068,11.03314018
system.cpu.user,host:i-0d3080a3c4eef0add;(host:i-0d3080a3c4eef0add OR host:i-0d9090a590ca3803e OR host:i-0ddb26178fdc06882),2020-11-24T19:25:55.000Z,13.73213959,16.78400993,12.49549961
system.cpu.user,host:i-0d3080a3c4eef0add;(host:i-0d3080a3c4eef0add OR host:i-0d9090a590ca3803e OR host:i-0ddb26178fdc06882),2020-11-24T19:26:05.000Z,13.14501953,16.57086945,15.42022991
system.cpu.user,host:i-0d3080a3c4eef0add;(host:i-0d3080a3c4eef0add OR host:i-0d9090a590ca3803e OR host:i-0ddb26178fdc06882),2020-11-24T19:26:10.000Z,16.88484001,16.46430016,17.89550018
system.cpu.user,host:i-0d3080a3c4eef0add;(host:i-0d3080a3c4eef0add OR host:i-0d9090a590ca3803e OR host:i-0ddb26178fdc06882),2020-11-24T19:26:20.000Z,24.36447906,23.10061073,22.8460598
system.cpu.user,host:i-0d3080a3c4eef0add;(host:i-0d3080a3c4eef0add OR host:i-0d9090a590ca3803e OR host:i-0ddb26178fdc06882),2020-11-24T19:26:25.000Z,22.38961029,26.4187603,20.06757927
system.cpu.user,host:i-0d3080a3c4eef0add;(host:i-0d3080a3c4eef0add OR host:i-0d9090a590ca3803e OR host:i-0ddb26178fdc06882),2020-11-24T19:26:35.000Z,18.43985939,27.0442791,14.51062965
system.cpu.user,host:i-0d3080a3c4eef0add;(host:i-0d3080a3c4eef0add OR host:i-0d9090a590ca3803e OR host:i-0ddb26178fdc06882),2020-11-24T19:26:40.000Z,17.29987907,27.35703087,15.63782978
system.cpu.user,host:i-0d3080a3c4eef0add;(host:i-0d3080a3c4eef0add OR host:i-0d9090a590ca3803e OR host:i-0ddb26178fdc06882),2020-11-24T19:26:50.000Z,15.01990986,25.08000946,17.89222908
system.cpu.user,host:i-0d3080a3c4eef0add;(host:i-0d3080a3c4eef0add OR host:i-0d9090a590ca3803e OR host:i-0ddb26178fdc06882),2020-11-24T19:26:55.000Z,15.6626997,23.94149971,17.62775993
system.cpu.user,host:i-0d3080a3c4eef0add;(host:i-0d3080a3c4eef0add OR host:i-0d9090a590ca3803e OR host:i-0ddb26178fdc06882),2020-11-24T19:27:05.000Z,16.94828987,21.42882919,17.09882927
system.cpu.user,host:i-0d3080a3c4eef0add;(host:i-0d3080a3c4eef0add OR host:i-0d9090a590ca3803e OR host:i-0ddb26178fdc06882),2020-11-24T19:27:10.000Z,18.26824951,20.17248917,16.76366043
system.cpu.user,host:i-0d3080a3c4eef0add;(host:i-0d3080a3c4eef0add OR host:i-0d9090a590ca3803e OR host:i-0ddb26178fdc06882),2020-11-24T19:27:20.000Z,20.90818024,26.7849102,16.0933094
system.cpu.user,host:i-0d3080a3c4eef0add;(host:i-0d3080a3c4eef0add OR host:i-0d9090a590ca3803e OR host:i-0ddb26178fdc06882),2020-11-24T19:27:25.000Z,19.85288048,30.09111977,17.33222961
system.cpu.user,host:i-0d3080a3c4eef0add;(host:i-0d3080a3c4eef0add OR host:i-0d9090a590ca3803e OR host:i-0ddb26178fdc06882),2020-11-24T19:27:35.000Z,17.74230003,24.9425106,19.81007957
system.cpu.user,host:i-0d3080a3c4eef0add;(host:i-0d3080a3c4eef0add OR host:i-0d9090a590ca3803e OR host:i-0ddb26178fdc06882),2020-11-24T19:27:40.000Z,17.44220924,22.36820984,19.95752907
system.cpu.user,host:i-0d3080a3c4eef0add;(host:i-0d3080a3c4eef0add OR host:i-0d9090a590ca3803e OR host:i-0ddb26178fdc06882),2020-11-24T19:27:50.000Z,16.84203911,22.55125046,20.25245094
system.cpu.user,host:i-0d3080a3c4eef0add;(host:i-0d3080a3c4eef0add OR host:i-0d9090a590ca3803e OR host:i-0ddb26178fdc06882),2020-11-24T19:27:55.000Z,17.01144981,22.64277077,19.54692078
system.cpu.user,host:i-0d3080a3c4eef0add;(host:i-0d3080a3c4eef0add OR host:i-0d9090a590ca3803e OR host:i-0ddb26178fdc06882),2020-11-24T19:28:05.000Z,17.35028076,27.02416992,18.13586044
system.cpu.user,host:i-0d3080a3c4eef0add;(host:i-0d3080a3c4eef0add OR host:i-0d9090a590ca3803e OR host:i-0ddb26178fdc06882),2020-11-24T19:28:10.000Z,16.79858971,29.21487045,17.97076035
system.cpu.user,host:i-0d3080a3c4eef0add;(host:i-0d3080a3c4eef0add OR host:i-0d9090a590ca3803e OR host:i-0ddb26178fdc06882),2020-11-24T19:28:20.000Z,15.69521999,23.61403084,17.64056015
system.cpu.user,host:i-0d3080a3c4eef0add;(host:i-0d3080a3c4eef0add OR host:i-0d9090a590ca3803e OR host:i-0ddb26178fdc06882),2020-11-24T19:28:25.000Z,17.15011024,20.81361008,17.38254929
system.cpu.user,host:i-0d3080a3c4eef0add;(host:i-0d3080a3c4eef0add OR host:i-0d9090a590ca3803e OR host:i-0ddb26178fdc06882),2020-11-24T19:28:35.000Z,20.0598793,18.97113037,16.86655045
system.cpu.user,host:i-0d3080a3c4eef0add;(host:i-0d3080a3c4eef0add OR host:i-0d9090a590ca3803e OR host:i-0ddb26178fdc06882),2020-11-24T19:28:40.000Z,17.03754997,18.04990005,15.74077988
system.cpu.user,host:i-0d3080a3c4eef0add;(host:i-0d3080a3c4eef0add OR host:i-0d9090a590ca3803e OR host:i-0ddb26178fdc06882),2020-11-24T19:28:50.000Z,10.99287987,17.9437294,13.48925018
system.cpu.user,host:i-0d3080a3c4eef0add;(host:i-0d3080a3c4eef0add OR host:i-0d9090a590ca3803e OR host:i-0ddb26178fdc06882),2020-11-24T19:28:55.000Z,13.89210033,17.89064026,14.03862953
system.cpu.user,host:i-0d3080a3c4eef0add;(host:i-0d3080a3c4eef0add OR host:i-0d9090a590ca3803e OR host:i-0ddb26178fdc06882),2020-11-24T19:29:05.000Z,19.69054031,15.80395985,15.13739967
system.cpu.user,host:i-0d3080a3c4eef0add;(host:i-0d3080a3c4eef0add OR host:i-0d9090a590ca3803e OR host:i-0ddb26178fdc06882),2020-11-24T19:29:10.000Z,18.84321022,14.76062012,14.55039024
system.cpu.user,host:i-0d3080a3c4eef0add;(host:i-0d3080a3c4eef0add OR host:i-0d9090a590ca3803e OR host:i-0ddb26178fdc06882),2020-11-24T19:29:20.000Z,17.14855957,10.32676029,13.37637043
system.cpu.user,host:i-0d3080a3c4eef0add;(host:i-0d3080a3c4eef0add OR host:i-0d9090a590ca3803e OR host:i-0ddb26178fdc06882),2020-11-24T19:29:25.000Z,17.51254082,8.109830856,14.63224983
system.cpu.user,host:i-0d3080a3c4eef0add;(host:i-0d3080a3c4eef0add OR host:i-0d9090a590ca3803e OR host:i-0ddb26178fdc06882),2020-11-24T19:29:35.000Z,18.24048042,18.83407974,17.14401054
system.cpu.user,host:i-0d3080a3c4eef0add;(host:i-0d3080a3c4eef0add OR host:i-0d9090a590ca3803e OR host:i-0ddb26178fdc06882),2020-11-24T19:29:40.000Z,20.01736069,24.19621086,18.25894928
system.cpu.user,host:i-0d3080a3c4eef0add;(host:i-0d3080a3c4eef0add OR host:i-0d9090a590ca3803e OR host:i-0ddb26178fdc06882),2020-11-24T19:29:50.000Z,23.57110023,28.50453949,20.48881912
system.cpu.user,host:i-0d3080a3c4eef0add;(host:i-0d3080a3c4eef0add OR host:i-0d9090a590ca3803e OR host:i-0ddb26178fdc06882),2020-11-24T19:29:55.000Z,23.21427917,30.65870094,20.85416985
system.cpu.user,host:i-0d3080a3c4eef0add;(host:i-0d3080a3c4eef0add OR host:i-0d9090a590ca3803e OR host:i-0ddb26178fdc06882),2020-11-24T19:30:05.000Z,22.50064087,25.75351906,21.58486938
system.cpu.user,host:i-0d3080a3c4eef0add;(host:i-0d3080a3c4eef0add OR host:i-0d9090a590ca3803e OR host:i-0ddb26178fdc06882),2020-11-24T19:30:10.000Z,22.86144066,23.30093002,25.64327049
system.cpu.user,host:i-0d3080a3c4eef0add;(host:i-0d3080a3c4eef0add OR host:i-0d9090a590ca3803e OR host:i-0ddb26178fdc06882),2020-11-24T19:30:20.000Z,23.58304977,23.61757088,33.76007843
system.cpu.user,host:i-0d3080a3c4eef0add;(host:i-0d3080a3c4eef0add OR host:i-0d9090a590ca3803e OR host:i-0ddb26178fdc06882),2020-11-24T19:30:25.000Z,23.1385994,23.77589035,29.08156967
system.cpu.user,host:i-0d3080a3c4eef0add;(host:i-0d3080a3c4eef0add OR host:i-0d9090a590ca3803e OR host:i-0ddb26178fdc06882),2020-11-24T19:30:35.000Z,22.24970055,26.03594017,19.72454071
system.cpu.user,host:i-0d3080a3c4eef0add;(host:i-0d3080a3c4eef0add OR host:i-0d9090a590ca3803e OR host:i-0ddb26178fdc06882),2020-11-24T19:30:40.000Z,23.45940971,27.16596031,19.73716927
system.cpu.user,host:i-0d3080a3c4eef0add;(host:i-0d3080a3c4eef0add OR host:i-0d9090a590ca3803e OR host:i-0ddb26178fdc06882),2020-11-24T19:30:50.000Z,25.87885094,27.05364037,19.76244926
system.cpu.user,host:i-0d3080a3c4eef0add;(host:i-0d3080a3c4eef0add OR host:i-0d9090a590ca3803e OR host:i-0ddb26178fdc06882),2020-11-24T19:30:55.000Z,30.1201992,26.99748039,18.06151962
system.cpu.user,host:i-0d3080a3c4eef0add;(host:i-0d3080a3c4eef0add OR host:i-0d9090a590ca3803e OR host:i-0ddb26178fdc06882),2020-11-24T19:31:05.000Z,38.60289001,24.8014698,14.65966988
system.cpu.user,host:i-0d3080a3c4eef0add;(host:i-0d3080a3c4eef0add OR host:i-0d9090a590ca3803e OR host:i-0ddb26178fdc06882),2020-11-24T19:31:10.000Z,33.05942917,23.70347023,19.78528976
system.cpu.user,host:i-0d3080a3c4eef0add;(host:i-0d3080a3c4eef0add OR host:i-0d9090a590ca3803e OR host:i-0ddb26178fdc06882),2020-11-24T19:31:20.000Z,21.97250938,32.66949844,30.03653908
system.cpu.user,host:i-0d3080a3c4eef0add;(host:i-0d3080a3c4eef0add OR host:i-0d9090a590ca3803e OR host:i-0ddb26178fdc06882),2020-11-24T19:31:25.000Z,23.35186958,37.15251923,23.86718941
system.cpu.user,host:i-0d3080a3c4eef0add;(host:i-0d3080a3c4eef0add OR host:i-0d9090a590ca3803e OR host:i-0ddb26178fdc06882),2020-11-24T19:31:35.000Z,26.11058044,29.79087067,11.52851009
system.cpu.user,host:i-0d3080a3c4eef0add;(host:i-0d3080a3c4eef0add OR host:i-0d9090a590ca3803e OR host:i-0ddb26178fdc06882),2020-11-24T19:31:40.000Z,26.72797966,26.11004066,13.70306015
system.cpu.user,host:i-0d3080a3c4eef0add;(host:i-0d3080a3c4eef0add OR host:i-0d9090a590ca3803e OR host:i-0ddb26178fdc06882),2020-11-24T19:31:50.000Z,27.96278,25.8194294,18.05216026
system.cpu.user,host:i-0d3080a3c4eef0add;(host:i-0d3080a3c4eef0add OR host:i-0d9090a590ca3803e OR host:i-0ddb26178fdc06882),2020-11-24T19:31:55.000Z,26.6421299,25.67411995,19.69716072
system.cpu.user,host:i-0d3080a3c4eef0add;(host:i-0d3080a3c4eef0add OR host:i-0d9090a590ca3803e OR host:i-0ddb26178fdc06882),2020-11-24T19:32:05.000Z,24.00085068,26.90356064,22.98716927
system.cpu.user,host:i-0d3080a3c4eef0add;(host:i-0d3080a3c4eef0add OR host:i-0d9090a590ca3803e OR host:i-0ddb26178fdc06882),2020-11-24T19:32:10.000Z,21.92443085,27.51828003,22.6501503
system.cpu.user,host:i-0d3080a3c4eef0add;(host:i-0d3080a3c4eef0add OR host:i-0d9090a590ca3803e OR host:i-0ddb26178fdc06882),2020-11-24T19:32:20.000Z,17.77157974,27.84972,21.97612
system.cpu.user,host:i-0d3080a3c4eef0add;(host:i-0d3080a3c4eef0add OR host:i-0d9090a590ca3803e OR host:i-0ddb26178fdc06882),2020-11-24T19:32:25.000Z,21.36935043,28.01544952,17.71763039
system.cpu.user,host:i-0d3080a3c4eef0add;(host:i-0d3080a3c4eef0add OR host:i-0d9090a590ca3803e OR host:i-0ddb26178fdc06882),2020-11-24T19:32:35.000Z,28.56488991,27.04673958,9.200655937
system.cpu.user,host:i-0d3080a3c4eef0add;(host:i-0d3080a3c4eef0add OR host:i-0d9090a590ca3803e OR host:i-0ddb26178fdc06882),2020-11-24T19:32:40.000Z,29.44696999,26.56237984,12.73007011
system.cpu.user,host:i-0d3080a3c4eef0add;(host:i-0d3080a3c4eef0add OR host:i-0d9090a590ca3803e OR host:i-0ddb26178fdc06882),2020-11-24T19:32:50.000Z,31.21113014,26.57266998,19.78890991
system.cpu.user,host:i-0d3080a3c4eef0add;(host:i-0d3080a3c4eef0add OR host:i-0d9090a590ca3803e OR host:i-0ddb26178fdc06882),2020-11-24T19:32:55.000Z,29.68091965,26.57781982,21.08667946
system.cpu.user,host:i-0d3080a3c4eef0add;(host:i-0d3080a3c4eef0add OR host:i-0d9090a590ca3803e OR host:i-0ddb26178fdc06882),2020-11-24T19:33:05.000Z,26.62050056,29.09663963,23.68222046
system.cpu.user,host:i-0d3080a3c4eef0add;(host:i-0d3080a3c4eef0add OR host:i-0d9090a590ca3803e OR host:i-0ddb26178fdc06882),2020-11-24T19:33:10.000Z,27.67897034,30.35605049,20.21079063
system.cpu.user,host:i-0d3080a3c4eef0add;(host:i-0d3080a3c4eef0add OR host:i-0d9090a590ca3803e OR host:i-0ddb26178fdc06882),2020-11-24T19:33:20.000Z,29.79590988,19.6865406,13.26793957
system.cpu.user,host:i-0d3080a3c4eef0add;(host:i-0d3080a3c4eef0add OR host:i-0d9090a590ca3803e OR host:i-0ddb26178fdc06882),2020-11-24T19:33:25.000Z,30.27467918,14.35177994,16.28071976
system.cpu.user,host:i-0d3080a3c4eef0add;(host:i-0d3080a3c4eef0add OR host:i-0d9090a590ca3803e OR host:i-0ddb26178fdc06882),2020-11-24T19:33:35.000Z,31.23224068,23.59769058,22.30628014
system.cpu.user,host:i-0d3080a3c4eef0add;(host:i-0d3080a3c4eef0add OR host:i-0d9090a590ca3803e OR host:i-0ddb26178fdc06882),2020-11-24T19:33:40.000Z,26.02819061,28.22064018,21.84297943
system.cpu.user,host:i-0d3080a3c4eef0add;(host:i-0d3080a3c4eef0add OR host:i-0d9090a590ca3803e OR host:i-0ddb26178fdc06882),2020-11-24T19:33:50.000Z,15.62008953,19.7582798,20.91637039
system.cpu.user,host:i-0d3080a3c4eef0add;(host:i-0d3080a3c4eef0add OR host:i-0d9090a590ca3803e OR host:i-0ddb26178fdc06882),2020-11-24T19:33:55.000Z,16.54833031,15.52709961,15.22525024
system.cpu.user,host:i-0d3080a3c4eef0add;(host:i-0d3080a3c4eef0add OR host:i-0d9090a590ca3803e OR host:i-0ddb26178fdc06882),2020-11-24T19:34:05.000Z,18.40480995,18.8339901,3.842991114
system.cpu.user,host:i-0d3080a3c4eef0add;(host:i-0d3080a3c4eef0add OR host:i-0d9090a590ca3803e OR host:i-0ddb26178fdc06882),2020-11-24T19:34:10.000Z,18.27392006,20.48743057,8.385951042
system.cpu.user,host:i-0d3080a3c4eef0add;(host:i-0d3080a3c4eef0add OR host:i-0d9090a590ca3803e OR host:i-0ddb26178fdc06882),2020-11-24T19:34:20.000Z,18.01213074,10.98600006,17.47187042
system.cpu.user,host:i-0d3080a3c4eef0add;(host:i-0d3080a3c4eef0add OR host:i-0d9090a590ca3803e OR host:i-0ddb26178fdc06882),2020-11-24T19:34:25.000Z,17.75382996,6.23527813,17.88887024
system.cpu.user,host:i-0d3080a3c4eef0add;(host:i-0d3080a3c4eef0add OR host:i-0d9090a590ca3803e OR host:i-0ddb26178fdc06882),2020-11-24T19:34:35.000Z,17.2372303,5.412427902,18.72287941
system.cpu.user,host:i-0d3080a3c4eef0add;(host:i-0d3080a3c4eef0add OR host:i-0d9090a590ca3803e OR host:i-0ddb26178fdc06882),2020-11-24T19:34:40.000Z,16.82435989,5.001002789,18.92414093
system.cpu.user,host:i-0d3080a3c4eef0add;(host:i-0d3080a3c4eef0add OR host:i-0d9090a590ca3803e OR host:i-0ddb26178fdc06882),2020-11-24T19:34:50.000Z,15.99860954,13.57983017,19.32666016
system.cpu.user,host:i-0d3080a3c4eef0add;(host:i-0d3080a3c4eef0add OR host:i-0d9090a590ca3803e OR host:i-0ddb26178fdc06882),2020-11-24T19:34:55.000Z,22.99954033,17.86924934,20.20681
system.cpu.user,host:i-0d3080a3c4eef0add;(host:i-0d3080a3c4eef0add OR host:i-0d9090a590ca3803e OR host:i-0ddb26178fdc06882),2020-11-24T19:35:05.000Z,37.00139999,22.95368958,21.96710014
system.cpu.user,host:i-0d3080a3c4eef0add;(host:i-0d3080a3c4eef0add OR host:i-0d9090a590ca3803e OR host:i-0ddb26178fdc06882),2020-11-24T19:35:10.000Z,34.31147003,25.49591064,21.73575974
system.cpu.user,host:i-0d3080a3c4eef0add;(host:i-0d3080a3c4eef0add OR host:i-0d9090a590ca3803e OR host:i-0ddb26178fdc06882),2020-11-24T19:35:20.000Z,28.93158913,32.45484924,21.27305984
system.cpu.user,host:i-0d3080a3c4eef0add;(host:i-0d3080a3c4eef0add OR host:i-0d9090a590ca3803e OR host:i-0ddb26178fdc06882),2020-11-24T19:35:25.000Z,30.4552002,35.93431854,20.4116993
system.cpu.user,host:i-0d3080a3c4eef0add;(host:i-0d3080a3c4eef0add OR host:i-0d9090a590ca3803e OR host:i-0ddb26178fdc06882),2020-11-24T19:35:35.000Z,33.50241089,24.56092072,18.68897057
system.cpu.user,host:i-0d3080a3c4eef0add;(host:i-0d3080a3c4eef0add OR host:i-0d9090a590ca3803e OR host:i-0ddb26178fdc06882),2020-11-24T19:35:40.000Z,27.21762085,18.87422943,19.63805962
system.cpu.user,host:i-0d3080a3c4eef0add;(host:i-0d3080a3c4eef0add OR host:i-0d9090a590ca3803e OR host:i-0ddb26178fdc06882),2020-11-24T19:35:50.000Z,14.64805031,24.82292938,21.53623962
system.cpu.user,host:i-0d3080a3c4eef0add;(host:i-0d3080a3c4eef0add OR host:i-0d9090a590ca3803e OR host:i-0ddb26178fdc06882),2020-11-24T19:35:55.000Z,18.64625931,27.79727936,22.63106918
system.cpu.user,host:i-0d3080a3c4eef0add;(host:i-0d3080a3c4eef0add OR host:i-0d9090a590ca3803e OR host:i-0ddb26178fdc06882),2020-11-24T19:36:05.000Z,26.64267921,29.11833954,24.82073021
system.cpu.user,host:i-0d3080a3c4eef0add;(host:i-0d3080a3c4eef0add OR host:i-0d9090a590ca3803e OR host:i-0ddb26178fdc06882),2020-11-24T19:36:10.000Z,36.61664963,29.77886963,28.14826965
system.cpu.user,host:i-0d3080a3c4eef0add;(host:i-0d3080a3c4eef0add OR host:i-0d9090a590ca3803e OR host:i-0ddb26178fdc06882),2020-11-24T19:36:20.000Z,56.56459045,32.09434891,34.80334091
system.cpu.user,host:i-0d3080a3c4eef0add;(host:i-0d3080a3c4eef0add OR host:i-0d9090a590ca3803e OR host:i-0ddb26178fdc06882),2020-11-24T19:36:25.000Z,49.54862976,33.25209045,34.74145126
system.cpu.user,host:i-0d3080a3c4eef0add;(host:i-0d3080a3c4eef0add OR host:i-0d9090a590ca3803e OR host:i-0ddb26178fdc06882),2020-11-24T19:36:35.000Z,35.51671982,32.94179153,34.61766815
system.cpu.user,host:i-0d3080a3c4eef0add;(host:i-0d3080a3c4eef0add OR host:i-0d9090a590ca3803e OR host:i-0ddb26178fdc06882),2020-11-24T19:36:40.000Z,33.63719177,32.78664017,31.08436012
system.cpu.user,host:i-0d3080a3c4eef0add;(host:i-0d3080a3c4eef0add OR host:i-0d9090a590ca3803e OR host:i-0ddb26178fdc06882),2020-11-24T19:36:50.000Z,29.87812996,33.35815048,24.01773071
system.cpu.user,host:i-0d3080a3c4eef0add;(host:i-0d3080a3c4eef0add OR host:i-0d9090a590ca3803e OR host:i-0ddb26178fdc06882),2020-11-24T19:36:55.000Z,22.55500984,33.64390945,22.49682045
system.cpu.user,host:i-0d3080a3c4eef0add;(host:i-0d3080a3c4eef0add OR host:i-0d9090a590ca3803e OR host:i-0ddb26178fdc06882),2020-11-24T19:37:05.000Z,7.908791065,28.79439926,19.45500946
system.cpu.user,host:i-0d3080a3c4eef0add;(host:i-0d3080a3c4eef0add OR host:i-0d9090a590ca3803e OR host:i-0ddb26178fdc06882),2020-11-24T19:37:10.000Z,13.00035,26.36964035,19.63595963
system.cpu.user,host:i-0d3080a3c4eef0add;(host:i-0d3080a3c4eef0add OR host:i-0d9090a590ca3803e OR host:i-0ddb26178fdc06882),2020-11-24T19:37:20.000Z,23.18346977,29.54832077,19.99786949
system.cpu.user,host:i-0d3080a3c4eef0add;(host:i-0d3080a3c4eef0add OR host:i-0d9090a590ca3803e OR host:i-0ddb26178fdc06882),2020-11-24T19:37:25.000Z,30.89562988,31.13765907,26.62022018
system.cpu.user,host:i-0d3080a3c4eef0add;(host:i-0d3080a3c4eef0add OR host:i-0d9090a590ca3803e OR host:i-0ddb26178fdc06882),2020-11-24T19:37:35.000Z,46.31996155,33.63874054,39.86491013
system.cpu.user,host:i-0d3080a3c4eef0add;(host:i-0d3080a3c4eef0add OR host:i-0d9090a590ca3803e OR host:i-0ddb26178fdc06882),2020-11-24T19:37:40.000Z,49.58037186,34.88927841,40.20793915
system.cpu.user,host:i-0d3080a3c4eef0add;(host:i-0d3080a3c4eef0add OR host:i-0d9090a590ca3803e OR host:i-0ddb26178fdc06882),2020-11-24T19:37:50.000Z,56.1012001,34.51840973,40.89400101
system.cpu.user,host:i-0d3080a3c4eef0add;(host:i-0d3080a3c4eef0add OR host:i-0d9090a590ca3803e OR host:i-0ddb26178fdc06882),2020-11-24T19:37:55.000Z,47.39205933,34.33296967,37.48001099
system.cpu.user,host:i-0d3080a3c4eef0add;(host:i-0d3080a3c4eef0add OR host:i-0d9090a590ca3803e OR host:i-0ddb26178fdc06882),2020-11-24T19:38:05.000Z,29.97377968,23.05415916,30.6520195
system.cpu.user,host:i-0d3080a3c4eef0add;(host:i-0d3080a3c4eef0add OR host:i-0d9090a590ca3803e OR host:i-0ddb26178fdc06882),2020-11-24T19:38:10.000Z,30.21495056,17.41474915,24.9595108
system.cpu.user,host:i-0d3080a3c4eef0add;(host:i-0d3080a3c4eef0add OR host:i-0d9090a590ca3803e OR host:i-0ddb26178fdc06882),2020-11-24T19:38:20.000Z,30.69729042,25.7426796,13.57448006
system.cpu.user,host:i-0d3080a3c4eef0add;(host:i-0d3080a3c4eef0add OR host:i-0d9090a590ca3803e OR host:i-0ddb26178fdc06882),2020-11-24T19:38:25.000Z,29.89603043,29.9066391,17.27370071
system.cpu.user,host:i-0d3080a3c4eef0add;(host:i-0d3080a3c4eef0add OR host:i-0d9090a590ca3803e OR host:i-0ddb26178fdc06882),2020-11-24T19:38:35.000Z,28.29351044,28.57089043,24.67214012
system.cpu.user,host:i-0d3080a3c4eef0add;(host:i-0d3080a3c4eef0add OR host:i-0d9090a590ca3803e OR host:i-0ddb26178fdc06882),2020-11-24T19:38:40.000Z,26.62367058,27.90302086,24.97986984
system.cpu.user,host:i-0d3080a3c4eef0add;(host:i-0d3080a3c4eef0add OR host:i-0d9090a590ca3803e OR host:i-0ddb26178fdc06882),2020-11-24T19:38:50.000Z,23.28396988,18.57098007,25.59535027
system.cpu.user,host:i-0d3080a3c4eef0add;(host:i-0d3080a3c4eef0add OR host:i-0d9090a590ca3803e OR host:i-0ddb26178fdc06882),2020-11-24T19:38:55.000Z,18.59799004,13.90497017,19.50914955
system.cpu.user,host:i-0d3080a3c4eef0add;(host:i-0d3080a3c4eef0add OR host:i-0d9090a590ca3803e OR host:i-0ddb26178fdc06882),2020-11-24T19:39:05.000Z,9.226036072,22.3078804,7.336749077
system.cpu.user,host:i-0d3080a3c4eef0add;(host:i-0d3080a3c4eef0add OR host:i-0d9090a590ca3803e OR host:i-0ddb26178fdc06882),2020-11-24T19:39:10.000Z,11.95641994,26.50934029,5.936157227
system.cpu.user,host:i-0d3080a3c4eef0add;(host:i-0d3080a3c4eef0add OR host:i-0d9090a590ca3803e OR host:i-0ddb26178fdc06882),2020-11-24T19:39:20.000Z,17.41720009,11.60614014,3.134970903
system.cpu.user,host:i-0d3080a3c4eef0add;(host:i-0d3080a3c4eef0add OR host:i-0d9090a590ca3803e OR host:i-0ddb26178fdc06882),2020-11-24T19:39:25.000Z,11.64346981,4.154540062,2.456423044
system.cpu.user,host:i-0d3080a3c4eef0add;(host:i-0d3080a3c4eef0add OR host:i-0d9090a590ca3803e OR host:i-0ddb26178fdc06882),2020-11-24T19:39:35.000Z,0.09603340179,2.667140007,1.099326968
system.cpu.user,host:i-0d3080a3c4eef0add;(host:i-0d3080a3c4eef0add OR host:i-0d9090a590ca3803e OR host:i-0ddb26178fdc06882),2020-11-24T19:39:40.000Z,0.07132474333,1.92343998,0.89309901
system.cpu.user,host:i-0d3080a3c4eef0add;(host:i-0d3080a3c4eef0add OR host:i-0d9090a590ca3803e OR host:i-0ddb26178fdc06882),2020-11-24T19:39:50.000Z,0.02190740034,1.888720036,0.4806433916
system.cpu.user,host:i-0d3080a3c4eef0add;(host:i-0d3080a3c4eef0add OR host:i-0d9090a590ca3803e OR host:i-0ddb26178fdc06882),2020-11-24T19:39:55.000Z,0.02329763025,1.871361017,0.4775002897
system.cpu.user,host:i-0d3080a3c4eef0add;(host:i-0d3080a3c4eef0add OR host:i-0d9090a590ca3803e OR host:i-0ddb26178fdc06882),2020-11-24T19:40:05.000Z,0.02607806958,1.859789014,0.4712140858